Sr_No,State,District,Latitude,Longitude,Grid_ID,Accident_Count,All_India_Rank
S.No,State name,District name,Lat,Long,Grid ID,TotalAccidents,Rank,Ambulance
1,MAHARASHTRA,Nashik,19.99744,73.800727,1208954,131,111,
2,MAHARASHTRA,Nashik,19.99744,73.787918,1208953,93,566,
3,MAHARASHTRA,Nashik,19.959013,73.7623,1207114,90,1069,
4,MAHARASHTRA,Nashik,20.010249,73.800727,1209567,88,1115,
5,MAHARASHTRA,Nashik,19.971822,73.775109,1207728,79,1371,
6,MAHARASHTRA,Nashik,19.715639,74.133765,1195715,78,100,
7,MAHARASHTRA,Nashik,19.99744,73.775109,1208952,67,824,
8,MAHARASHTRA,Nashik,19.984631,73.787918,1208341,65,999,
9,MAHARASHTRA,Nashik,20.010249,73.826345,1209569,61,255,
10,MAHARASHTRA,Nashik,20.010249,73.813536,1209568,59,1807,
11,MAHARASHTRA,Nashik,19.984631,73.800727,1208342,55,2357,
12,MAHARASHTRA,Nashik,19.959013,73.839155,1207120,54,2501,
13,MAHARASHTRA,Nashik,19.946204,73.839155,1206506,53,3522,
14,MAHARASHTRA,Nashik,20.010249,73.7623,1209564,53,8872,
15,MAHARASHTRA,Nashik,19.971822,73.813536,1207731,50,3704,
16,MAHARASHTRA,Nashik,20.253623,74.441185,1220753,49,1431,
17,MAHARASHTRA,Nashik,19.99744,73.749491,1208950,47,1821,
18,MAHARASHTRA,Nashik,19.984631,73.775109,1208340,45,3101,
19,MAHARASHTRA,Nashik,20.010249,73.787918,1209566,45,3237,
20,MAHARASHTRA,Nashik,20.010249,73.749491,1209563,45,5613,
21,MAHARASHTRA,Nashik,19.959013,73.826345,1207119,44,9223,
22,MAHARASHTRA,Nashik,20.368905,74.313093,1225779,44,1589,
23,MAHARASHTRA,Nashik,19.984631,73.7623,1208339,43,4544,
24,MAHARASHTRA,Nashik,19.946204,73.775109,1206501,43,2995,
25,MAHARASHTRA,Nashik,19.946204,73.749491,1206499,43,4610,
26,MAHARASHTRA,Nashik,19.959013,73.749491,1207113,42,7156,
27,MAHARASHTRA,Nashik,20.035868,73.800727,1210793,39,3778,
28,MAHARASHTRA,Nashik,19.971822,73.7623,1207727,39,17917,
29,MAHARASHTRA,Nashik,20.330478,74.236238,1224077,38,1688,
30,MAHARASHTRA,Nashik,19.971822,73.749491,1207726,37,11025,
31,MAHARASHTRA,Nashik,19.971822,73.787918,1207729,34,9748,
32,MAHARASHTRA,Nashik,20.023058,73.839155,1210183,34,5452,
33,MAHARASHTRA,Nashik,19.728448,73.634208,1196262,33,2919,
34,MAHARASHTRA,Nashik,20.023058,73.800727,1210180,33,7161,
35,MAHARASHTRA,Nashik,20.023058,73.787918,1210179,32,9921,
36,MAHARASHTRA,Nashik,20.573852,74.569276,1234774,32,2593,
37,MAHARASHTRA,Nashik,20.023058,73.826345,1210182,32,8168,
38,MAHARASHTRA,Nashik,20.048677,73.800727,1211406,31,4127,
39,MAHARASHTRA,Nashik,19.984631,73.813536,1208343,31,15462,
40,MAHARASHTRA,Nashik,20.035868,73.864773,1210798,30,2855,
41,MAHARASHTRA,Nashik,19.959013,73.736681,1207112,30,8790,
42,MAHARASHTRA,Nashik,19.971822,73.839155,1207733,29,9007,
43,MAHARASHTRA,Nashik,19.920585,73.711063,1205279,29,3593,
44,MAHARASHTRA,Nashik,20.561043,74.530849,1234213,29,6716,
45,MAHARASHTRA,Nashik,19.84373,74.005674,1201648,29,3562,
46,MAHARASHTRA,Nashik,19.715639,73.621399,1195675,28,9540,
47,MAHARASHTRA,Nashik,20.023058,73.723872,1210174,27,8614,
48,MAHARASHTRA,Nashik,20.010249,73.775109,1209565,27,9851,
49,MAHARASHTRA,Nashik,20.074295,74.108147,1212655,26,8332,
50,MAHARASHTRA,Nashik,20.535424,74.492421,1233094,26,3062,
51,MAHARASHTRA,Nashik,19.984631,73.723872,1208336,26,7492,
52,MAHARASHTRA,Nashik,20.663516,74.671749,1238589,25,6515,
53,MAHARASHTRA,Nashik,19.85654,73.685445,1202233,25,4929,
54,MAHARASHTRA,Nashik,20.522615,74.530849,1232539,25,2898,
55,MAHARASHTRA,Nashik,19.933394,73.723872,1205886,24,8678,
56,MAHARASHTRA,Nashik,20.15115,73.980055,1216219,24,7158,
57,MAHARASHTRA,Nashik,20.035868,74.492421,1210847,23,6910,
58,MAHARASHTRA,Nashik,19.933394,73.839155,1205895,23,17548,
59,MAHARASHTRA,Nashik,20.163959,73.992864,1216796,23,8672,
60,MAHARASHTRA,Nashik,19.946204,73.851964,1206507,23,21286,
61,MAHARASHTRA,Nashik,19.971822,73.736681,1207725,23,11486,
62,MAHARASHTRA,Nashik,19.984631,73.749491,1208338,23,23877,
63,MAHARASHTRA,Nashik,19.84373,74.044101,1201651,22,6983,
64,MAHARASHTRA,Nashik,19.946204,73.7623,1206500,22,19311,
65,MAHARASHTRA,Nashik,20.074295,73.9032,1212639,22,5353,
66,MAHARASHTRA,Nashik,20.535424,74.543658,1233098,22,7215,
67,MAHARASHTRA,Nashik,20.548233,74.530849,1233655,22,12795,
68,MAHARASHTRA,Nashik,20.266432,74.441185,1221302,22,14779,
69,MAHARASHTRA,Nashik,20.023058,73.813536,1210181,21,16947,
70,MAHARASHTRA,Nashik,20.048677,73.787918,1211405,21,7591,
71,MAHARASHTRA,Nashik,20.010249,73.711063,1209560,21,11116,
72,MAHARASHTRA,Nashik,19.959013,73.775109,1207115,21,15119,
73,MAHARASHTRA,Nashik,19.84373,73.992864,1201647,21,16904,
74,MAHARASHTRA,Nashik,19.907776,73.9032,1204685,21,13807,
75,MAHARASHTRA,Nashik,20.253623,73.557353,1220684,21,8561,
76,MAHARASHTRA,Nashik,19.830921,73.672636,1201009,21,7442,
77,MAHARASHTRA,Nashik,19.690021,73.570163,1194502,20,6249,
78,MAHARASHTRA,Nashik,20.087104,73.91601,1213246,20,5933,
79,MAHARASHTRA,Nashik,19.946204,73.736681,1206498,20,,
80,MAHARASHTRA,Nashik,20.253623,73.60859,1220688,20,,
81,MAHARASHTRA,Nashik,19.99744,73.7623,1208951,20,,
82,MAHARASHTRA,Nashik,20.509806,74.518039,1231979,20,7916,
83,MAHARASHTRA,Nashik,20.535424,74.556467,1233099,20,7947,
84,MAHARASHTRA,Nashik,20.535424,74.518039,1233096,19,7347,
85,MAHARASHTRA,Nashik,19.869349,73.967246,1202862,19,11534,
86,MAHARASHTRA,Nashik,20.330478,73.890391,1224050,19,8417,
87,MAHARASHTRA,Nashik,19.971822,73.826345,1207732,19,25549,
88,MAHARASHTRA,Nashik,20.202387,73.826345,1218494,19,13096,
89,MAHARASHTRA,Nashik,19.971822,73.723872,1207724,19,19256,
90,MAHARASHTRA,Nashik,20.240814,73.544544,1220136,19,21531,
91,MAHARASHTRA,Nashik,20.253623,74.082528,1220725,19,7420,
92,MAHARASHTRA,Nashik,19.933394,73.736681,1205887,19,18808,
93,MAHARASHTRA,Nashik,20.176768,73.992864,1217367,18,8866,
94,MAHARASHTRA,Nashik,20.625088,74.633322,1236973,18,6679,
95,MAHARASHTRA,Nashik,20.561043,74.518039,1234212,18,11540,
96,MAHARASHTRA,Nashik,20.381715,74.325902,1226346,18,13300,
97,MAHARASHTRA,Nashik,19.894967,73.698254,1204057,18,4855,
98,MAHARASHTRA,Nashik,20.279241,73.941628,1221817,18,12783,
99,MAHARASHTRA,Nashik,19.971822,73.800727,1207730,18,25127,
100,MAHARASHTRA,Nashik,20.420142,74.351521,1228039,17,10024,
101,MAHARASHTRA,Nashik,20.048677,73.877582,1211412,17,19198,
102,MAHARASHTRA,Nashik,20.228005,73.839155,1219613,17,8999,
103,MAHARASHTRA,Nashik,19.99744,73.736681,1208949,17,15994,
104,MAHARASHTRA,Nashik,20.061486,73.890391,1212026,17,15097,
105,MAHARASHTRA,Nashik,20.279241,74.095338,1221829,17,9066,
106,MAHARASHTRA,Nashik,20.573852,74.633322,1234779,17,3846,
107,MAHARASHTRA,Nashik,20.59947,74.197811,1235849,17,11646,
108,MAHARASHTRA,Nashik,20.099913,73.928819,1213848,17,10572,
109,MAHARASHTRA,Nashik,20.496997,74.453994,1231415,17,17403,
110,MAHARASHTRA,Nashik,19.805303,73.672636,1199793,16,10113,
111,MAHARASHTRA,Nashik,19.984631,73.45488,1208315,16,,
112,MAHARASHTRA,Nashik,19.766876,73.659827,1198018,16,5089,
113,MAHARASHTRA,Nashik,20.240814,74.069719,1220177,16,18638,
114,MAHARASHTRA,Nashik,20.215196,74.044101,1219075,16,6956,
115,MAHARASHTRA,Nashik,19.920585,73.877582,1205292,16,8791,
116,MAHARASHTRA,Nashik,20.189577,74.005674,1217938,16,14461,
117,MAHARASHTRA,Nashik,20.048677,74.479612,1211459,16,19623,
118,MAHARASHTRA,Nashik,20.30486,74.146574,1222948,16,7162,
119,MAHARASHTRA,Nashik,20.023058,73.851964,1210184,16,17020,
120,MAHARASHTRA,Nashik,20.561043,74.543658,1234214,16,15685,
121,MAHARASHTRA,Nashik,19.99744,73.723872,1208948,16,18698,
122,MAHARASHTRA,Nashik,20.253623,73.531735,1220682,15,16438,
123,MAHARASHTRA,Nashik,20.061486,73.800727,1212019,15,15325,
124,MAHARASHTRA,Nashik,19.959013,73.647017,1207105,15,11242,
125,MAHARASHTRA,Nashik,19.946204,73.544544,1206483,15,9533,
126,MAHARASHTRA,Nashik,20.535424,74.197811,1233071,15,10660,
127,MAHARASHTRA,Nashik,19.99744,73.839155,1208957,15,14734,
128,MAHARASHTRA,Nashik,20.215196,73.826345,1219058,15,18418,
129,MAHARASHTRA,Nashik,20.548233,74.518039,1233654,15,25472,
130,MAHARASHTRA,Nashik,20.484188,74.50523,1230859,15,17402,
131,MAHARASHTRA,Nashik,20.458569,74.402757,1229730,15,12330,
132,MAHARASHTRA,Nashik,19.690021,73.595781,1194504,15,14670,
133,MAHARASHTRA,Nashik,20.253623,73.518926,1220681,14,11066,
134,MAHARASHTRA,Nashik,19.690021,73.544544,1194500,14,23096,
135,MAHARASHTRA,Nashik,20.074295,73.659827,1212620,14,19375,
136,MAHARASHTRA,Nashik,20.791607,74.21062,1243804,14,16381,
137,MAHARASHTRA,Nashik,20.458569,74.185002,1229713,14,18865,
138,MAHARASHTRA,Nashik,19.818112,73.9032,1200413,14,11521,
139,MAHARASHTRA,Nashik,20.561043,74.569276,1234216,14,14676,
140,MAHARASHTRA,Nashik,19.70283,73.60859,1195087,14,,
141,MAHARASHTRA,Nashik,20.548233,74.556467,1233657,14,13017,
142,MAHARASHTRA,Nashik,20.023058,73.992864,1210195,14,19170,
143,MAHARASHTRA,Nashik,19.792494,73.672636,1199196,14,,
144,MAHARASHTRA,Nashik,19.818112,74.031292,1200423,14,23237,
145,MAHARASHTRA,Nashik,20.317669,74.197811,1223511,14,17555,
146,MAHARASHTRA,Nashik,19.984631,73.839155,1208345,14,21385,
147,MAHARASHTRA,Nashik,19.933394,73.864773,1205897,14,,
148,MAHARASHTRA,Nashik,20.458569,74.50523,1229738,14,7257,
149,MAHARASHTRA,Nashik,20.253623,73.851964,1220707,14,,
150,MAHARASHTRA,Nashik,20.394524,74.479612,1226924,13,12642,
151,MAHARASHTRA,Nashik,20.317669,74.172192,1223509,13,23287,
152,MAHARASHTRA,Nashik,20.30486,74.65894,1222988,13,20773,
153,MAHARASHTRA,Nashik,20.125532,74.453994,1215081,13,15466,
154,MAHARASHTRA,Nashik,19.818112,73.672636,1200395,13,,
155,MAHARASHTRA,Nashik,20.535424,74.50523,1233095,13,24800,
156,MAHARASHTRA,Nashik,20.010249,73.736681,1209562,13,,
157,MAHARASHTRA,Nashik,19.754066,73.775109,1197441,13,23019,
158,MAHARASHTRA,Nashik,20.266432,74.428375,1221301,13,16558,
159,MAHARASHTRA,Nashik,20.266432,73.493308,1221228,13,,
160,MAHARASHTRA,Nashik,20.44576,74.377139,1229166,13,17122,
161,MAHARASHTRA,Nashik,20.586661,74.197811,1235297,13,,
162,MAHARASHTRA,Nashik,19.99744,73.813536,1208955,13,,
163,MAHARASHTRA,Nashik,19.869349,73.954437,1202861,13,10278,
164,MAHARASHTRA,Nashik,20.279241,74.108147,1221830,13,13364,
165,MAHARASHTRA,Nashik,20.099913,73.941628,1213849,13,22791,
166,MAHARASHTRA,Nashik,20.663516,74.428375,1238570,12,15320,
167,MAHARASHTRA,Nashik,19.84373,73.980055,1201646,12,13212,
168,MAHARASHTRA,Nashik,19.984631,73.711063,1208335,12,,
169,MAHARASHTRA,Nashik,19.84373,73.685445,1201623,12,21512,
170,MAHARASHTRA,Nashik,20.074295,74.146574,1212658,12,20774,
171,MAHARASHTRA,Nashik,20.548233,74.50523,1233653,12,,
172,MAHARASHTRA,Nashik,20.215196,73.839155,1219059,12,23279,
173,MAHARASHTRA,Nashik,19.84373,74.05691,1201652,12,14377,
174,MAHARASHTRA,Nashik,20.202387,74.441185,1218542,12,,
175,MAHARASHTRA,Nashik,20.253623,73.544544,1220683,12,,
176,MAHARASHTRA,Nashik,20.394524,74.338711,1226913,12,,
177,MAHARASHTRA,Nashik,20.189577,73.723872,1217916,12,18651,
178,MAHARASHTRA,Nashik,20.663516,74.146574,1238548,12,22011,
179,MAHARASHTRA,Nashik,19.830921,73.980055,1201033,12,16052,
180,MAHARASHTRA,Nashik,20.727562,74.313093,1241220,12,,
181,MAHARASHTRA,Nashik,20.30486,74.453994,1222972,12,17553,
182,MAHARASHTRA,Nashik,20.035868,73.813536,1210794,12,,
183,MAHARASHTRA,Nashik,19.894967,73.928819,1204075,12,17895,
184,MAHARASHTRA,Nashik,20.176768,73.980055,1217366,12,18979,
185,MAHARASHTRA,Nashik,20.650707,74.671749,1238053,12,25032,
186,MAHARASHTRA,Nashik,20.15115,74.236238,1216239,12,14441,
187,MAHARASHTRA,Nashik,20.138341,73.980055,1215637,12,9469,
188,MAHARASHTRA,Nashik,20.035868,73.851964,1210797,12,,
189,MAHARASHTRA,Nashik,20.292051,74.684558,1222432,12,17160,
190,MAHARASHTRA,Nashik,20.625088,74.466803,1236960,12,18789,
191,MAHARASHTRA,Nashik,19.971822,73.685445,1207721,12,12087,
192,MAHARASHTRA,Nashik,19.715639,73.634208,1195676,12,,
193,MAHARASHTRA,Nashik,20.778798,74.133765,1243280,12,19429,
194,MAHARASHTRA,Nashik,19.99744,73.711063,1208947,12,,
195,MAHARASHTRA,Nashik,19.741257,73.634208,1196847,11,24096,
196,MAHARASHTRA,Nashik,20.061486,74.044101,1212038,11,19641,
197,MAHARASHTRA,Nashik,19.766876,73.775109,1198027,11,13206,
198,MAHARASHTRA,Nashik,20.061486,74.479612,1212072,11,23730,
199,MAHARASHTRA,Nashik,19.690021,73.557353,1194501,11,22189,
200,MAHARASHTRA,Nashik,19.971822,73.672636,1207720,11,20714,
201,MAHARASHTRA,Nashik,20.343287,74.249047,1224643,11,17279,
202,MAHARASHTRA,Nashik,20.292051,73.928819,1222373,11,14146,
203,MAHARASHTRA,Nashik,20.330478,74.466803,1224095,11,17478,
204,MAHARASHTRA,Nashik,20.548233,74.479612,1233651,11,18414,
205,MAHARASHTRA,Nashik,20.074295,74.466803,1212683,11,23198,
206,MAHARASHTRA,Nashik,20.048677,73.775109,1211404,11,,
207,MAHARASHTRA,Nashik,20.087104,73.928819,1213247,11,,
208,MAHARASHTRA,Nashik,20.676325,74.415566,1239105,11,23670,
209,MAHARASHTRA,Nashik,20.548233,74.466803,1233650,11,20946,
210,MAHARASHTRA,Nashik,20.202387,74.018483,1218509,11,15781,
211,MAHARASHTRA,Nashik,20.15115,73.749491,1216201,11,9399,
212,MAHARASHTRA,Nashik,19.933394,73.531735,1205871,11,15697,
213,MAHARASHTRA,Nashik,20.176768,73.826345,1217354,11,25402,
214,MAHARASHTRA,Nashik,20.356096,74.300284,1225212,11,24794,
215,MAHARASHTRA,Nashik,20.023058,73.7623,1210177,11,,
216,MAHARASHTRA,Nashik,20.010249,73.967246,1209580,11,20155,
217,MAHARASHTRA,Nashik,20.59947,74.607703,1235881,11,,
218,MAHARASHTRA,Nashik,19.882158,73.941628,1203465,11,19401,
219,MAHARASHTRA,Nashik,20.586661,74.582085,1235327,11,21868,
220,MAHARASHTRA,Nashik,20.432951,74.36433,1228603,11,,
221,MAHARASHTRA,Nashik,20.432951,73.775109,1228557,11,,
222,MAHARASHTRA,Nashik,19.984631,73.736681,1208337,10,19629,
223,MAHARASHTRA,Nashik,19.779685,73.659827,1198606,10,,
224,MAHARASHTRA,Nashik,19.959013,73.60859,1207102,10,16706,
225,MAHARASHTRA,Nashik,20.407333,74.338711,1227476,10,19257,
226,MAHARASHTRA,Nashik,19.959013,73.595781,1207101,10,14926,
227,MAHARASHTRA,Nashik,19.946204,73.800727,1206503,10,,
228,MAHARASHTRA,Nashik,19.715639,74.146574,1195716,10,23823,
229,MAHARASHTRA,Nashik,20.330478,74.223429,1224076,10,,
230,MAHARASHTRA,Nashik,20.189577,73.826345,1217924,10,17996,
231,MAHARASHTRA,Nashik,20.202387,73.711063,1218485,10,21505,
232,MAHARASHTRA,Nashik,19.933394,73.826345,1205894,10,,
233,MAHARASHTRA,Nashik,19.690021,73.518926,1194498,10,14685,
234,MAHARASHTRA,Nashik,20.509806,74.479612,1231976,10,,
235,MAHARASHTRA,Nashik,19.920585,73.890391,1205293,10,,
236,MAHARASHTRA,Nashik,19.818112,73.890391,1200412,10,24781,
237,MAHARASHTRA,Nashik,19.715639,73.685445,1195680,10,24498,
238,MAHARASHTRA,Nashik,20.023058,73.711063,1210173,10,,
239,MAHARASHTRA,Nashik,20.292051,73.442071,1222335,10,,
240,MAHARASHTRA,Nashik,20.010249,73.839155,1209570,10,,
241,MAHARASHTRA,Nashik,20.612279,74.530849,1236422,10,,
242,MAHARASHTRA,Nashik,19.754066,73.647017,1197431,10,14777,
243,MAHARASHTRA,Nashik,20.099913,74.223429,1213871,10,25374,
244,MAHARASHTRA,Nashik,20.266432,74.453994,1221303,10,15840,
245,MAHARASHTRA,Nashik,20.266432,73.851964,1221256,10,,
246,MAHARASHTRA,Nashik,19.946204,73.826345,1206505,10,,
247,MAHARASHTRA,Nashik,19.805303,73.800727,1199803,10,21648,
248,MAHARASHTRA,Nashik,19.869349,73.685445,1202840,10,20559,
249,MAHARASHTRA,Nashik,19.85654,73.980055,1202256,10,,
250,MAHARASHTRA,Nashik,19.85654,73.967246,1202255,10,,
251,MAHARASHTRA,Nashik,19.690021,73.582972,1194503,10,14611,
252,MAHARASHTRA,Nashik,20.612279,74.185002,1236395,10,,
253,MAHARASHTRA,Nashik,20.253623,73.506117,1220680,9,,
254,MAHARASHTRA,Nashik,20.087104,73.775109,1213235,9,16421,
255,MAHARASHTRA,Nashik,20.074295,74.133765,1212657,9,17917,
256,MAHARASHTRA,Nashik,20.573852,74.197811,1234745,9,24616,
257,MAHARASHTRA,Nashik,19.84373,74.018483,1201649,9,,
258,MAHARASHTRA,Nashik,20.240814,73.634208,1220143,9,,
259,MAHARASHTRA,Nashik,20.253623,73.582972,1220686,9,21313,
260,MAHARASHTRA,Nashik,19.728448,74.133765,1196301,9,,
261,MAHARASHTRA,Nashik,19.830921,73.992864,1201034,9,,
262,MAHARASHTRA,Nashik,20.330478,74.21062,1224075,9,,
263,MAHARASHTRA,Nashik,20.368905,73.890391,1225746,9,,
264,MAHARASHTRA,Nashik,19.70283,73.531735,1195081,9,,
265,MAHARASHTRA,Nashik,20.163959,74.620513,1216845,9,24141,
266,MAHARASHTRA,Nashik,20.15115,74.441185,1216255,9,20692,
267,MAHARASHTRA,Nashik,20.343287,73.877582,1224614,9,25942,
268,MAHARASHTRA,Nashik,20.292051,74.325902,1222404,9,,
269,MAHARASHTRA,Nashik,19.818112,73.967246,1200418,9,20815,
270,MAHARASHTRA,Nashik,20.138341,73.813536,1215624,9,16562,
271,MAHARASHTRA,Nashik,20.125532,74.236238,1215064,9,23766,
272,MAHARASHTRA,Nashik,20.023058,73.736681,1210175,9,,
273,MAHARASHTRA,Nashik,20.279241,74.441185,1221856,9,,
274,MAHARASHTRA,Nashik,20.496997,74.441185,1231414,9,,
275,MAHARASHTRA,Nashik,20.138341,74.236238,1215657,9,,
276,MAHARASHTRA,Nashik,19.907776,73.698254,1204669,9,,
277,MAHARASHTRA,Nashik,20.112722,74.453994,1214485,9,,
278,MAHARASHTRA,Nashik,20.010249,73.954437,1209579,9,,
279,MAHARASHTRA,Nashik,19.805303,74.044101,1199822,9,20421,
280,MAHARASHTRA,Nashik,19.882158,73.839155,1203457,9,,
281,MAHARASHTRA,Nashik,20.586661,74.594894,1235328,9,24237,
282,MAHARASHTRA,Nashik,20.432951,74.492421,1228613,9,,
283,MAHARASHTRA,Nashik,20.407333,74.492421,1227488,8,,
284,MAHARASHTRA,Nashik,20.087104,73.800727,1213237,8,23936,
285,MAHARASHTRA,Nashik,19.946204,73.557353,1206484,8,,
286,MAHARASHTRA,Nashik,20.573852,74.582085,1234775,8,,
287,MAHARASHTRA,Nashik,20.573852,74.594894,1234776,8,25846,
288,MAHARASHTRA,Nashik,20.548233,74.569276,1233658,8,,
289,MAHARASHTRA,Nashik,20.215196,73.685445,1219047,8,,
290,MAHARASHTRA,Nashik,20.048677,74.428375,1211455,8,19648,
291,MAHARASHTRA,Nashik,20.330478,74.249047,1224078,8,,
292,MAHARASHTRA,Nashik,20.343287,73.890391,1224615,8,,
293,MAHARASHTRA,Nashik,20.573852,74.530849,1234771,8,,
294,MAHARASHTRA,Nashik,19.959013,73.621399,1207103,8,,
295,MAHARASHTRA,Nashik,20.048677,73.685445,1211397,8,,
296,MAHARASHTRA,Nashik,19.946204,73.787918,1206502,8,,
297,MAHARASHTRA,Nashik,20.035868,74.479612,1210846,8,,
298,MAHARASHTRA,Nashik,20.163959,73.826345,1216783,8,17162,
299,MAHARASHTRA,Nashik,20.163959,73.980055,1216795,8,,
300,MAHARASHTRA,Nashik,19.818112,74.300284,1200444,8,,
301,MAHARASHTRA,Nashik,20.15115,73.826345,1216207,8,,
302,MAHARASHTRA,Nashik,19.715639,73.736681,1195684,8,23196,
303,MAHARASHTRA,Nashik,19.818112,74.018483,1200422,8,,
304,MAHARASHTRA,Nashik,20.292051,74.120956,1222388,8,19502,
305,MAHARASHTRA,Nashik,19.920585,73.91601,1205295,8,,
306,MAHARASHTRA,Nashik,20.138341,73.967246,1215636,8,,
307,MAHARASHTRA,Nashik,19.959013,74.65894,1207184,8,,
308,MAHARASHTRA,Nashik,19.818112,73.826345,1200407,8,16835,
309,MAHARASHTRA,Nashik,20.496997,74.466803,1231416,8,17520,
310,MAHARASHTRA,Nashik,20.125532,73.967246,1215043,8,20699,
311,MAHARASHTRA,Nashik,20.612279,74.479612,1236418,8,,
312,MAHARASHTRA,Nashik,20.010249,74.005674,1209583,8,,
313,MAHARASHTRA,Nashik,19.805303,73.941628,1199814,8,25377,
314,MAHARASHTRA,Nashik,20.266432,74.402757,1221299,8,,
315,MAHARASHTRA,Nashik,19.99744,74.607703,1209017,8,,
316,MAHARASHTRA,Nashik,20.471379,74.005674,1230260,8,,
317,MAHARASHTRA,Nashik,20.59947,74.492421,1235872,8,,
318,MAHARASHTRA,Nashik,20.099913,73.7623,1213835,8,,
319,MAHARASHTRA,Nashik,19.882158,73.698254,1203446,8,,
320,MAHARASHTRA,Nashik,20.010249,74.492421,1209621,8,25546,
321,MAHARASHTRA,Nashik,19.869349,73.839155,1202852,8,,
322,MAHARASHTRA,Nashik,19.805303,73.787918,1199802,8,9016,
323,MAHARASHTRA,Nashik,20.317669,74.453994,1223531,8,24092,
324,MAHARASHTRA,Nashik,20.573852,74.646131,1234780,7,17596,
325,MAHARASHTRA,Nashik,20.573852,74.50523,1234769,7,,
326,MAHARASHTRA,Nashik,20.573852,74.607703,1234777,7,23030,
327,MAHARASHTRA,Nashik,20.074295,73.91601,1212640,7,,
328,MAHARASHTRA,Nashik,20.407333,73.800727,1227434,7,11170,
329,MAHARASHTRA,Nashik,19.84373,74.095338,1201655,7,25988,
330,MAHARASHTRA,Nashik,20.381715,73.839155,1226308,7,,
331,MAHARASHTRA,Nashik,20.381715,74.479612,1226358,7,,
332,MAHARASHTRA,Nashik,20.368905,74.479612,1225792,7,26158,
333,MAHARASHTRA,Nashik,20.240814,74.338711,1220198,7,,
334,MAHARASHTRA,Nashik,20.228005,74.05691,1219630,7,19330,
335,MAHARASHTRA,Nashik,20.573852,74.518039,1234770,7,,
336,MAHARASHTRA,Nashik,19.792494,74.069719,1199227,7,,
337,MAHARASHTRA,Nashik,20.074295,74.120956,1212656,7,,
338,MAHARASHTRA,Nashik,20.356096,73.864773,1225178,7,,
339,MAHARASHTRA,Nashik,20.228005,73.647017,1219598,7,24146,
340,MAHARASHTRA,Nashik,20.356096,73.851964,1225177,7,,
341,MAHARASHTRA,Nashik,20.548233,74.722986,1233670,7,24619,
342,MAHARASHTRA,Nashik,20.215196,73.954437,1219068,7,,
343,MAHARASHTRA,Nashik,20.343287,74.261856,1224644,7,7056,
344,MAHARASHTRA,Nashik,20.356096,74.479612,1225226,7,17522,
345,MAHARASHTRA,Nashik,20.215196,74.441185,1219106,7,,
346,MAHARASHTRA,Nashik,20.548233,74.453994,1233649,7,,
347,MAHARASHTRA,Nashik,20.074295,74.159383,1212659,7,,
348,MAHARASHTRA,Nashik,20.548233,74.300284,1233637,7,,
349,MAHARASHTRA,Nashik,20.176768,74.441185,1217402,7,17997,
350,MAHARASHTRA,Nashik,20.228005,73.954437,1219622,7,,
351,MAHARASHTRA,Nashik,20.048677,74.492421,1211460,7,,
352,MAHARASHTRA,Nashik,20.330478,74.05691,1224063,7,,
353,MAHARASHTRA,Nashik,20.548233,74.402757,1233645,7,,
354,MAHARASHTRA,Nashik,19.946204,73.723872,1206497,7,,
355,MAHARASHTRA,Nashik,19.779685,74.082528,1198639,7,,
356,MAHARASHTRA,Nashik,20.048677,73.749491,1211402,7,,
357,MAHARASHTRA,Nashik,20.163959,74.441185,1216831,7,,
358,MAHARASHTRA,Nashik,20.035868,74.005674,1210809,7,,
359,MAHARASHTRA,Nashik,20.15115,73.890391,1216212,7,,
360,MAHARASHTRA,Nashik,20.317669,74.236238,1223514,7,,
361,MAHARASHTRA,Nashik,19.779685,73.775109,1198615,7,21891,
362,MAHARASHTRA,Nashik,20.740371,74.146574,1241726,7,,
363,MAHARASHTRA,Nashik,20.509806,73.749491,1231919,7,,
364,MAHARASHTRA,Nashik,20.292051,73.877582,1222369,7,,
365,MAHARASHTRA,Nashik,20.509806,74.197811,1231954,7,,
366,MAHARASHTRA,Nashik,20.023058,73.749491,1210176,7,,
367,MAHARASHTRA,Nashik,20.048677,74.377139,1211451,7,,
368,MAHARASHTRA,Nashik,20.279241,74.249047,1221841,7,,
369,MAHARASHTRA,Nashik,19.907776,73.826345,1204679,7,,
370,MAHARASHTRA,Nashik,20.471379,74.50523,1230299,7,21029,
371,MAHARASHTRA,Nashik,20.010249,73.980055,1209581,7,,
372,MAHARASHTRA,Nashik,20.471379,74.185002,1230274,7,,
373,MAHARASHTRA,Nashik,20.484188,74.428375,1230853,7,,
374,MAHARASHTRA,Nashik,20.59947,74.594894,1235880,7,,
375,MAHARASHTRA,Nashik,20.112722,74.223429,1214467,7,,
376,MAHARASHTRA,Nashik,20.266432,74.415566,1221300,7,,
377,MAHARASHTRA,Nashik,20.458569,74.389948,1229729,7,,
378,MAHARASHTRA,Nashik,19.805303,74.236238,1199837,7,,
379,MAHARASHTRA,Nashik,20.266432,74.082528,1221274,7,,
380,MAHARASHTRA,Nashik,20.612279,74.620513,1236429,7,,
381,MAHARASHTRA,Nashik,19.805303,73.954437,1199815,7,,
382,MAHARASHTRA,Nashik,20.586661,74.21062,1235298,7,,
383,MAHARASHTRA,Nashik,20.266432,73.480499,1221227,7,,
384,MAHARASHTRA,Nashik,19.99744,73.826345,1208956,7,,
385,MAHARASHTRA,Nashik,20.087104,74.108147,1213261,7,,
386,MAHARASHTRA,Nashik,19.99744,73.9032,1208962,7,,
387,MAHARASHTRA,Nashik,20.087104,74.466803,1213289,7,,
388,MAHARASHTRA,Nashik,19.805303,73.813536,1199804,7,21208,
389,MAHARASHTRA,Nashik,20.253623,73.621399,1220689,7,26159,
390,MAHARASHTRA,Nashik,19.85654,74.005674,1202258,7,,
391,MAHARASHTRA,Nashik,20.458569,74.172192,1229712,7,10013,
392,MAHARASHTRA,Nashik,19.984631,74.492421,1208396,6,,
393,MAHARASHTRA,Nashik,20.420142,73.787918,1227995,6,,
394,MAHARASHTRA,Nashik,19.792494,74.249047,1199241,6,,
395,MAHARASHTRA,Nashik,20.573852,74.556467,1234773,6,23924,
396,MAHARASHTRA,Nashik,20.573852,74.620513,1234778,6,,
397,MAHARASHTRA,Nashik,20.561043,74.556467,1234215,6,,
398,MAHARASHTRA,Nashik,20.561043,74.671749,1234224,6,,
399,MAHARASHTRA,Nashik,20.240814,73.851964,1220160,6,,
400,MAHARASHTRA,Nashik,20.240814,73.647017,1220144,6,,
401,MAHARASHTRA,Nashik,19.84373,74.031292,1201650,6,,
402,MAHARASHTRA,Nashik,20.074295,73.800727,1212631,6,22521,
403,MAHARASHTRA,Nashik,20.228005,73.659827,1219599,6,,
404,MAHARASHTRA,Nashik,20.240814,74.441185,1220206,6,,
405,MAHARASHTRA,Nashik,19.792494,74.05691,1199226,6,,
406,MAHARASHTRA,Nashik,20.356096,73.890391,1225180,6,,
407,MAHARASHTRA,Nashik,19.728448,73.749491,1196271,6,,
408,MAHARASHTRA,Nashik,19.830921,73.851964,1201023,6,,
409,MAHARASHTRA,Nashik,20.061486,74.300284,1212058,6,22787,
410,MAHARASHTRA,Nashik,20.189577,74.236238,1217956,6,,
411,MAHARASHTRA,Nashik,19.959013,73.506117,1207094,6,,
412,MAHARASHTRA,Nashik,20.778798,74.146574,1243281,6,,
413,MAHARASHTRA,Nashik,20.548233,74.377139,1233643,6,,
414,MAHARASHTRA,Nashik,19.946204,73.570163,1206485,6,,
415,MAHARASHTRA,Nashik,19.779685,74.069719,1198638,6,,
416,MAHARASHTRA,Nashik,20.048677,73.723872,1211400,6,,
417,MAHARASHTRA,Nashik,20.176768,74.236238,1217386,6,22626,
418,MAHARASHTRA,Nashik,19.830921,74.018483,1201036,6,,
419,MAHARASHTRA,Nashik,20.189577,73.980055,1217936,6,,
420,MAHARASHTRA,Nashik,20.30486,74.671749,1222989,6,,
421,MAHARASHTRA,Nashik,20.317669,73.877582,1223486,6,,
422,MAHARASHTRA,Nashik,20.689134,74.389948,1239638,6,,
423,MAHARASHTRA,Nashik,20.522615,74.518039,1232538,6,,
424,MAHARASHTRA,Nashik,20.30486,74.594894,1222983,6,,
425,MAHARASHTRA,Nashik,20.163959,74.018483,1216798,6,18239,
426,MAHARASHTRA,Nashik,20.522615,74.479612,1232535,6,,
427,MAHARASHTRA,Nashik,19.933394,73.813536,1205893,6,,
428,MAHARASHTRA,Nashik,19.818112,74.005674,1200421,6,,
429,MAHARASHTRA,Nashik,20.637897,74.65894,1237514,6,,
430,MAHARASHTRA,Nashik,20.023058,74.005674,1210196,6,,
431,MAHARASHTRA,Nashik,20.509806,74.466803,1231975,6,,
432,MAHARASHTRA,Nashik,19.818112,73.954437,1200417,6,,
433,MAHARASHTRA,Nashik,20.138341,74.223429,1215656,6,,
434,MAHARASHTRA,Nashik,20.625088,74.530849,1236965,6,,
435,MAHARASHTRA,Nashik,20.292051,73.45488,1222336,6,,
436,MAHARASHTRA,Nashik,20.279241,74.50523,1221861,6,,
437,MAHARASHTRA,Nashik,19.907776,74.05691,1204697,6,,
438,MAHARASHTRA,Nashik,20.612279,74.633322,1236430,6,,
439,MAHARASHTRA,Nashik,20.625088,74.646131,1236974,6,,
440,MAHARASHTRA,Nashik,20.75318,74.287475,1242255,6,,
441,MAHARASHTRA,Nashik,19.907776,73.839155,1204680,6,,
442,MAHARASHTRA,Nashik,20.471379,74.415566,1230292,6,,
443,MAHARASHTRA,Nashik,20.112722,74.556467,1214493,6,,
444,MAHARASHTRA,Nashik,20.612279,74.197811,1236396,6,,
445,MAHARASHTRA,Nashik,20.112722,74.120956,1214459,6,,
446,MAHARASHTRA,Nashik,19.894967,73.91601,1204074,6,,
447,MAHARASHTRA,Nashik,20.484188,73.928819,1230814,6,,
448,MAHARASHTRA,Nashik,20.112722,73.813536,1214435,6,,
449,MAHARASHTRA,Nashik,20.010249,73.992864,1209582,6,,
450,MAHARASHTRA,Nashik,20.112722,73.467689,1214408,6,14553,
451,MAHARASHTRA,Nashik,19.70283,74.146574,1195129,6,,
452,MAHARASHTRA,Nashik,20.458569,74.197811,1229714,6,,
453,MAHARASHTRA,Nashik,20.586661,74.492421,1235320,6,,
454,MAHARASHTRA,Nashik,20.44576,74.172192,1229150,6,,
455,MAHARASHTRA,Nashik,19.99744,73.928819,1208964,6,,
456,MAHARASHTRA,Nashik,19.99744,73.877582,1208960,6,,
457,MAHARASHTRA,Nashik,20.253623,74.351521,1220746,6,,
458,MAHARASHTRA,Nashik,20.44576,73.7623,1229118,6,,
459,MAHARASHTRA,Nashik,20.496997,74.031292,1231382,6,,
460,MAHARASHTRA,Nashik,20.125532,73.813536,1215031,6,,
461,MAHARASHTRA,Nashik,19.741257,73.7623,1196857,6,24381,
462,MAHARASHTRA,Nashik,20.407333,74.351521,1227477,5,,
463,MAHARASHTRA,Nashik,20.074295,74.274666,1212668,5,,
464,MAHARASHTRA,Nashik,20.420142,73.9032,1228004,5,,
465,MAHARASHTRA,Nashik,19.984631,73.851964,1208346,5,,
466,MAHARASHTRA,Nashik,20.394524,74.159383,1226899,5,,
467,MAHARASHTRA,Nashik,19.84373,74.108147,1201656,5,,
468,MAHARASHTRA,Nashik,20.074295,74.05691,1212651,5,,
469,MAHARASHTRA,Nashik,20.074295,73.672636,1212621,5,,
470,MAHARASHTRA,Nashik,20.074295,73.775109,1212629,5,,
471,MAHARASHTRA,Nashik,19.984631,73.442071,1208314,5,,
472,MAHARASHTRA,Nashik,20.074295,73.634208,1212618,5,,
473,MAHARASHTRA,Nashik,20.573852,74.236238,1234748,5,,
474,MAHARASHTRA,Nashik,20.420142,74.492421,1228050,5,,
475,MAHARASHTRA,Nashik,20.561043,74.197811,1234187,5,,
476,MAHARASHTRA,Nashik,19.84373,73.967246,1201645,5,,
477,MAHARASHTRA,Nashik,20.061486,74.313093,1212059,5,,
478,MAHARASHTRA,Nashik,20.561043,74.325902,1234197,5,,
479,MAHARASHTRA,Nashik,20.061486,74.338711,1212061,5,,
480,MAHARASHTRA,Nashik,20.215196,74.172192,1219085,5,,
481,MAHARASHTRA,Nashik,19.971822,73.493308,1207706,5,,
482,MAHARASHTRA,Nashik,19.728448,73.672636,1196265,5,,
483,MAHARASHTRA,Nashik,20.343287,74.825459,1224688,5,,
484,MAHARASHTRA,Nashik,20.202387,73.954437,1218504,5,,
485,MAHARASHTRA,Nashik,20.215196,73.672636,1219046,5,,
486,MAHARASHTRA,Nashik,19.792494,73.787918,1199205,5,,
487,MAHARASHTRA,Nashik,20.048677,73.967246,1211419,5,,
488,MAHARASHTRA,Nashik,19.830921,73.864773,1201024,5,19863,
489,MAHARASHTRA,Nashik,20.561043,74.50523,1234211,5,,
490,MAHARASHTRA,Nashik,20.548233,74.197811,1233629,5,,
491,MAHARASHTRA,Nashik,19.830921,74.338711,1201061,5,,
492,MAHARASHTRA,Nashik,20.202387,74.031292,1218510,5,,
493,MAHARASHTRA,Nashik,19.830921,74.172192,1201048,5,,
494,MAHARASHTRA,Nashik,20.330478,73.967246,1224056,5,,
495,MAHARASHTRA,Nashik,19.690021,73.531735,1194499,5,,
496,MAHARASHTRA,Nashik,19.792494,73.557353,1199187,5,,
497,MAHARASHTRA,Nashik,20.317669,74.671749,1223548,5,,
498,MAHARASHTRA,Nashik,20.535424,74.748604,1233114,5,,
499,MAHARASHTRA,Nashik,19.830921,74.108147,1201043,5,,
500,MAHARASHTRA,Nashik,19.830921,74.005674,1201035,5,,
